Keyword,Target URL,Search Intent
H&Q Design Services,https://h-q-design-services.vercel.app/,Brand
HANDQ Architects,https://h-q-design-services.vercel.app/,Brand
H&Q Architects Lahore,https://h-q-design-services.vercel.app/,Brand
Best Architects in Lahore,https://h-q-design-services.vercel.app/,Commercial
Interior Designer in Lahore,https://h-q-design-services.vercel.app/services,Commercial
Architecture Studio Lahore,https://h-q-design-services.vercel.app/,Commercial
House Construction Cost in Pakistan,https://h-q-design-services.vercel.app/tools,Informational
5 Marla House Design,https://h-q-design-services.vercel.app/keywords/5-marla-house-design,Commercial
10 Marla Spanish Villa,https://h-q-design-services.vercel.app/keywords/10-marla-spanish-villa,Commercial
1 Kanal House Plan,https://h-q-design-services.vercel.app/keywords/1-kanal-house-plan,Commercial
3 Marla House Map Bahria Town,https://h-q-design-services.vercel.app/keywords/3-marla-house-map-bahria-town,Commercial
10 Marla 35x70 Spanish Elevation,https://h-q-design-services.vercel.app/keywords/10-marla-35x70-spanish-elevation,Commercial
DHA Lahore Building Bylaws,https://h-q-design-services.vercel.app/keywords/dha-lahore-covered-area-calculation,Informational
LDA Approved Map Lahore,https://h-q-design-services.vercel.app/keywords/municipal-submission-drawings,Commercial
Municipal Submission Drawings Lahore,https://h-q-design-services.vercel.app/keywords/municipal-submission-drawings,Commercial
3D House Design Lahore,https://h-q-design-services.vercel.app/portfolio,Commercial
5 Marla Grey Structure Cost 2026,https://h-q-design-services.vercel.app/tools,Informational
